{"cameraMode":{"drawMode":0,"name":"Shaded","section":"Shading Mode"},"sceneLighting":true,"audioPlay":false,"sceneViewState":{"m_AlwaysRefresh":false,"showFog":true,"showSkybox":true,"showFlares":true,"showImageEffects":true,"showParticleSystems":true,"showVisualEffectGraphs":true,"m_FxEnabled":true},"in2DMode":false,"pivot":{"x":18.334842681884767,"y":-24.119165420532228,"z":-18.317543029785158},"rotation":{"x":0.17512185871601106,"y":0.8044571876525879,"z":-0.28801989555358889,"w":0.4891323447227478},"size":20.890274047851564,"orthographic":false}